{
  "sample_n": 555,
  "positive_rate": 0.1009009009009009,
  "features": [
    "pending_ratio",
    "queue_depth_norm",
    "fragmentation_score",
    "congestion_score",
    "pending_gpus",
    "total_pending",
    "running_gpus",
    "gpu_nodes_alloc",
    "gpu_nodes_total",
    "util_gpu_mean",
    "util_gpu_std",
    "util_mem_mean",
    "temp_c_max",
    "power_w_mean"
  ],
  "lr_standardized_coefficients": {
    "pending_ratio": 1.3849941085345636,
    "queue_depth_norm": 2.5396281473121984,
    "fragmentation_score": 0.18307063680748975,
    "congestion_score": -0.06746491762630998,
    "pending_gpus": -0.12312166517017027,
    "total_pending": 0.29417991810680977,
    "running_gpus": 0.2945548587384826,
    "gpu_nodes_alloc": -0.11023933443363276,
    "gpu_nodes_total": 0.2954644561121356,
    "util_gpu_mean": 0.15561254937182392,
    "util_gpu_std": -0.03265818781450517,
    "util_mem_mean": 0.08444122870798225,
    "temp_c_max": 0.11163708661772549,
    "power_w_mean": -0.06978468165666565
  },
  "gb_feature_importances": {
    "pending_ratio": 0.18738033169381335,
    "queue_depth_norm": 0.5245816326291249,
    "fragmentation_score": 0.05226877582590599,
    "congestion_score": 0.012609812229641023,
    "pending_gpus": 0.004311230900792747,
    "total_pending": 0.04216782533569875,
    "running_gpus": 0.021708239057989926,
    "gpu_nodes_alloc": 0.00025076275100154906,
    "gpu_nodes_total": 0.02616411220974822,
    "util_gpu_mean": 0.03145775878277895,
    "util_gpu_std": 0.04207073102180925,
    "util_mem_mean": 0.01270397732445097,
    "temp_c_max": 0.03216892635378341,
    "power_w_mean": 0.010155883883460864
  },
  "rf_feature_importances": {
    "pending_ratio": 0.12665159298485779,
    "queue_depth_norm": 0.3934807402980326,
    "fragmentation_score": 0.05255714854852091,
    "congestion_score": 0.0535829926039611,
    "pending_gpus": 0.021109058424180684,
    "total_pending": 0.026749804855009038,
    "running_gpus": 0.0252863456284968,
    "gpu_nodes_alloc": 0.01935793825559089,
    "gpu_nodes_total": 0.026077732366486753,
    "util_gpu_mean": 0.06003652938586756,
    "util_gpu_std": 0.047668511342126074,
    "util_mem_mean": 0.04709224382071519,
    "temp_c_max": 0.054352247360550256,
    "power_w_mean": 0.045997114125604324
  },
  "note": "Computed on data/samples/slurm_sample.csv (n=555). Reflects same Slurm trace used in Paper 2 main results."
}