{
  "baseline": {
    "n_train": 6167,
    "n_test": 1542,
    "pos_rate": 0.10181582360570687,
    "LR": {
      "auroc": 0.9946975097151004,
      "auroc_ci": [
        0.991876036943384,
        0.9971504638839342
      ],
      "auprc": 0.9432434532000291,
      "ece": 0.011814035145456708,
      "mce": 0.4371417381572873,
      "brier": 0.01660414077387805,
      "tier": "gate"
    },
    "RF": {
      "auroc": 0.9999816045436778,
      "auroc_ci": [
        0.9999276916431613,
        1.0
      ],
      "auprc": 0.9998400036512638,
      "ece": 0.0018812584627178426,
      "mce": 0.7034570775323788,
      "brier": 0.0015372746299418395,
      "tier": "gate"
    },
    "GB": {
      "auroc": 0.9999816045436777,
      "auroc_ci": [
        0.9999151920847458,
        1.0
      ],
      "auprc": 0.9998392557694248,
      "ece": 0.001546891377509449,
      "mce": 0.37971094046386056,
      "brier": 0.0014230617935403062,
      "tier": "gate"
    }
  },
  "heavy": {
    "n_train": 3998,
    "n_test": 1000,
    "pos_rate": 0.095,
    "LR": {
      "auroc": 0.9922710090142483,
      "auroc_ci": [
        0.9873712114392675,
        0.996326449500213
      ],
      "auprc": 0.9013920369354051,
      "ece": 0.01288987633511457,
      "mce": 0.4480082584077083,
      "brier": 0.01997685008767352,
      "tier": "gate"
    },
    "RF": {
      "auroc": 0.9940913056120966,
      "auroc_ci": [
        0.9802525073668362,
        1.0
      ],
      "auprc": 0.9796173183772596,
      "ece": 0.004476894452574633,
      "mce": 0.628022079159811,
      "brier": 0.0032183314243984535,
      "tier": "gate"
    },
    "GB": {
      "auroc": 0.9946263448676941,
      "auroc_ci": [
        0.9810044008593285,
        1.0
      ],
      "auprc": 0.9900327793167127,
      "ece": 0.0030169340587388087,
      "mce": 0.5202802879505958,
      "brier": 0.002750372672393003,
      "tier": "gate"
    }
  },
  "a100": {
    "n_train": 6420,
    "n_test": 1606,
    "pos_rate": 0.0896637608966376,
    "LR": {
      "auroc": 0.9921886874905002,
      "auroc_ci": [
        0.9886601518093975,
        0.9949098592501457
      ],
      "auprc": 0.90156450520695,
      "ece": 0.012437304369288476,
      "mce": 0.38331019815864753,
      "brier": 0.01952460234783835,
      "tier": "gate"
    },
    "RF": {
      "auroc": 0.9976226440188478,
      "auroc_ci": [
        0.9958369320837019,
        0.9990027188905166
      ],
      "auprc": 0.9703833200656533,
      "ece": 0.005275863047795034,
      "mce": 0.927708165366481,
      "brier": 0.009870490349013621,
      "tier": "gate"
    },
    "GB": {
      "auroc": 0.9986296359629123,
      "auroc_ci": [
        0.9972413942620375,
        0.9995714462019323
      ],
      "auprc": 0.98246899155883,
      "ece": 0.006017618095382699,
      "mce": 0.5049814905903716,
      "brier": 0.007731436166412915,
      "tier": "gate"
    }
  }
}