{
  "metrics": {
    "n_train": 444,
    "n_test": 111,
    "pos_rate": 0.07207207207207207,
    "LR": {
      "auroc": 0.8434466019417476,
      "auroc_ci": [
        0.7106051747916292,
        0.9676229941809205
      ],
      "auprc": 0.3439327485380117,
      "ece": 0.05833210504278574,
      "mce": 0.7212886397338433,
      "brier": 0.06228727776479491,
      "tier": "suggest"
    },
    "RF": {
      "auroc": 0.8756067961165048,
      "auroc_ci": [
        0.7946689193476744,
        0.9452856609410007
      ],
      "auprc": 0.29246880570409983,
      "ece": 0.05815414897130584,
      "mce": 0.5647451963241437,
      "brier": 0.058707598864162464,
      "tier": "suggest"
    },
    "GB": {
      "auroc": 0.8634708737864077,
      "auroc_ci": [
        0.7099841039149787,
        0.9579885782695916
      ],
      "auprc": 0.31658549783549783,
      "ece": 0.0562367252076406,
      "mce": 0.6726590120605161,
      "brier": 0.06088771716910838,
      "tier": "suggest"
    }
  },
  "heuristic": {
    "rule": "queue_depth_norm > 0.497 (cluster median)",
    "precision": 0.09782608695652174,
    "recall": 0.4909090909090909,
    "auroc": 0.5537818181818182
  },
  "leadtime": {
    "alert_prob": 0.7,
    "n_true_alerts": 0
  },
  "fairness": {
    "long": {
      "n": 10,
      "pos_rate": 1.0,
      "precision": 0.0,
      "recall": 0.0
    },
    "medium": {
      "n": 30,
      "pos_rate": 0.03333333333333333,
      "precision": 0.0,
      "recall": 0.0
    }
  },
  "n": 555,
  "pos_rate": 0.0990990990990991
}