{
  "baseline": {
    "burst": {
      "n": 498,
      "pos_rate": 0.10240963855421686,
      "precision": 1.0,
      "recall": 0.9803921568627451
    },
    "long": {
      "n": 175,
      "pos_rate": 0.08,
      "precision": 1.0,
      "recall": 1.0
    },
    "medium": {
      "n": 364,
      "pos_rate": 0.10164835164835165,
      "precision": 1.0,
      "recall": 1.0
    },
    "memheavy": {
      "n": 169,
      "pos_rate": 0.15976331360946747,
      "precision": 1.0,
      "recall": 1.0
    },
    "short": {
      "n": 336,
      "pos_rate": 0.0744047619047619,
      "precision": 1.0,
      "recall": 1.0
    }
  },
  "heavy": {
    "burst": {
      "n": 291,
      "pos_rate": 0.08247422680412371,
      "precision": 1.0,
      "recall": 1.0
    },
    "long": {
      "n": 98,
      "pos_rate": 0.1326530612244898,
      "precision": 1.0,
      "recall": 1.0
    },
    "medium": {
      "n": 243,
      "pos_rate": 0.07818930041152264,
      "precision": 1.0,
      "recall": 1.0
    },
    "memheavy": {
      "n": 121,
      "pos_rate": 0.14049586776859505,
      "precision": 1.0,
      "recall": 1.0
    },
    "short": {
      "n": 247,
      "pos_rate": 0.10931174089068826,
      "precision": 0.9629629629629629,
      "recall": 0.9629629629629629
    }
  },
  "a100": {
    "burst": {
      "n": 545,
      "pos_rate": 0.11376146788990826,
      "precision": 0.8732394366197183,
      "recall": 1.0
    },
    "long": {
      "n": 149,
      "pos_rate": 0.11409395973154363,
      "precision": 1.0,
      "recall": 1.0
    },
    "medium": {
      "n": 374,
      "pos_rate": 0.11764705882352941,
      "precision": 1.0,
      "recall": 0.8636363636363636
    },
    "memheavy": {
      "n": 182,
      "pos_rate": 0.06043956043956044,
      "precision": 0.9166666666666666,
      "recall": 1.0
    },
    "short": {
      "n": 356,
      "pos_rate": 0.07584269662921349,
      "precision": 0.8928571428571429,
      "recall": 0.9259259259259259
    }
  }
}